OMIE - Mercado de electricidad,,,,,,,,,,,,,,,,,,,,,,,,
,,,,,,Tecnologias que marcan el precio marginal del mercado diario,,,,,,,,,,,,,,,,,,
,,,,,,,,,,,,,,,,,,,,,,,,
Dia,1,2,3,4,5,6,7,8,9,10,11,12,13,14,15,16,17,18,19,20,21,22,23,24
01/01/21,HI,RE,HI,HI,HI,HI,HI,HI,HI,RE,HI,HI,HI,HI,HI,HI,RE,RE,HI,HI,HI,HI,HI,RE
02/01/21,RE,RE,RE,RE,HI,HI,RE,RE,HI,HI,RE,HI,HI,HI,HI,HI,HI,BG,HI,HI,BG,RE,RE,HI
03/01/21,RE,RE,RE,RE,RE,RE,RE,HI,HI,HI,RE,HI,RE,RE,TCC,RE,RE,HI,HI,NaN,NaN,HI,HI,BG
04/01/21,HI,HI,RE,HI,HI,HI,BG,BG,HI,HI,BG,RE,BG,BG,BG,HI,RE,RE,BG,BG,HI,BG,BG,HI
05/01/21,HI,HI,HI,RE,NaN,NaN,HI,HI,TCC,BG,RE,RE,BG,BG,HI,HI,HI,RE,BG,BG,TCC,HI,HI,BG
06/01/21,HI,HI,HI,HI,HI,HI,HI,HI,BG,HI,HI,BG,BG,HI,TCC,TCC,HI,RE,HI,HI,BG,BG,HI,HI
07/01/21,RE,HI,TER,HI,RE,HI,HI,HI,HI,BG,NaN,NaN,NaN,NaN,NaN,NaN,HI,NaN,RE,TCC,HI,BG,NaN,RE
08/01/21,HI,TER,TER,HI,HI,TER,TER,HI,HI,HI,BG,HI,HI,HI,HI,HI,HI,HI,HI,HI,BG,HI,HI,HI
09/01/21,TER,TER,HI,HI,HI,HI,HI,TER,HI,TER,RE,HI,TCC,TCC,TER,TER,HI,HI,HI,BG,BG,HI,BG,RE
10/01/21,HI,HI,HI,RE,RE,RE,HI,HI,HI,HI,HI,HI,HI,TER,TER,TER,TER,HI,BG,HI,NaN,BG,HI,HI
11/01/21,HI,HI,HI,RE,RE,HI,TER,TER,HI,HI,HI,TCC,RE,TCC,RE,TCC,TCC,HI,HI,HI,HI,HI,BG,TCC
12/01/21,RE,TER,TER,HI,HI,HI,TCC,HI,HI,HI,HI,HI,HI,HI,HI,TCC,NaN,HI,HI,HI,HI,HI,BG,TCC
13/01/21,HI,HI,TER,RE,HI,TER,TCC,BG,HI,BG,HI,HI,HI,HI,HI,HI,HI,HI,BG,HI,HI,HI,HI,BG
14/01/21,BG,TER,HI,RE,HI,HI,HI,TCC,BG,HI,RE,BG,HI,RE,HI,HI,HI,HI,BG,BG,RE,HI,HI,HI
15/01/21,HI,RE,HI,HI,RE,HI,HI,TCC,HI,HI,HI,HI,HI,TER,TER,RE,HI,HI,HI,HI,HI,HI,HI,RE
16/01/21,HI,TER,HI,HI,HI,HI,HI,HI,HI,HI,HI,HI,HI,HI,HI,HI,HI,HI,HI,BG,HI,HI,BG,HI
17/01/21,HI,RE,HI,HI,HI,HI,HI,HI,HI,HI,HI,HI,HI,HI,HI,HI,HI,HI,RE,HI,BG,BG,BG,TCC
18/01/21,TCC,TCC,HI,RE,NaN,HI,HI,HI,HI,BG,HI,HI,HI,HI,TCC,HI,HI,BG,HI,RE,HI,HI,HI,TCC
19/01/21,HI,HI,HI,TER,HI,TER,TER,HI,BG,BG,HI,HI,BG,HI,HI,RE,HI,TCC,HI,BG,HI,HI,HI,RE
20/01/21,HI,RE,TCC,HI,RE,HI,RE,HI,HI,HI,HI,HI,HI,HI,HI,TCC,HI,HI,HI,HI,BG,NaN,HI,RE
21/01/21,HI,RE,RE,RE,RE,RE,HI,HI,HI,HI,HI,HI,HI,HI,HI,HI,HI,HI,HI,HI,HI,HI,HI,HI
22/01/21,HI,RE,RE,RE,RE,RE,RE,HI,HI,HI,HI,HI,HI,RE,HI,HI,RE,HI,HI,HI,HI,HI,HI,HI
23/01/21,HI,HI,RE,HI,RE,RE,RE,RE,RE,HI,HI,RE,HI,HI,HI,HI,HI,RE,HI,HI,HI,HI,NaN,HI
24/01/21,RE,RE,RE,RE,RE,RE,RE,RE,RE,HI,HI,HI,HI,HI,HI,HI,HI,HI,HI,HI,HI,HI,HI,HI
25/01/21,HI,HI,HI,RE,RE,HI,HI,HI,BG,HI,BG,BG,TER,TCC,TCC,RE,HI,HI,BG,BG,BG,HI,RE,NaN
26/01/21,HI,HI,HI,HI,HI,HI,HI,HI,HI,HI,HI,HI,RE,HI,HI,BG,BG,HI,HI,BG,BG,HI,TCC,HI
27/01/21,HI,HI,HI,HI,HI,HI,TCC,HI,BG,BG,RE,HI,HI,TCC,HI,HI,HI,BG,HI,HI,BG,TCC,HI,HI
28/01/21,HI,HI,HI,RE,RE,HI,HI,HI,HI,BG,BG,NaN,HI,HI,TCC,HI,HI,HI,BG,BG,HI,BG,TCC,HI
29/01/21,RE,HI,HI,RE,RE,RE,HI,HI,HI,HI,HI,BG,HI,HI,HI,HI,HI,HI,HI,BG,BG,NaN,HI,HI
30/01/21,RE,RE,RE,RE,RE,RE,RE,RE,RE,RE,RE,RE,RE,RE,RE,RE,RE,RE,RE,HI,RE,RE,RE,RE
31/01/21,RE,RE,NaN,RE,RE,RE,RE,RE,RE,NaN,RE,RE,RE,RE,RE,RE,RE,RE,RE,RE,RE,RE,RE,RE
01/02/21,RE,RE,RE,RE,RE,RE,RE,RE,TER,HI,RE,BG,RE,RE,RE,RE,RE,BG,HI,HI,RE,HI,HI,BG
02/02/21,RE,HI,RE,RE,RE,HI,RE,HI,HI,BG,HI,BG,HI,HI,HI,HI,HI,BG,BG,HI,HI,BG,HI,RE
03/02/21,RE,RE,RE,HI,RE,RE,RE,HI,HI,BG,BG,TCC,HI,HI,HI,HI,HI,RE,HI,HI,HI,TCC,TCC,HI
04/02/21,HI,HI,HI,HI,HI,RE,HI,HI,HI,HI,HI,HI,HI,BG,HI,HI,TCC,HI,HI,HI,TCC,HI,HI,HI
05/02/21,HI,RE,RE,RE,RE,HI,HI,HI,BG,BG,BG,BG,HI,HI,HI,HI,HI,BG,BG,HI,HI,HI,HI,HI
06/02/21,HI,RE,HI,HI,HI,HI,HI,HI,HI,HI,HI,HI,HI,RE,HI,HI,HI,HI,HI,HI,HI,HI,RE,RE
07/02/21,HI,RE,RE,RE,RE,RE,RE,RE,RE,HI,HI,HI,HI,HI,HI,RE,RE,HI,HI,RE,BG,RE,HI,HI
08/02/21,RE,RE,RE,RE,HI,RE,RE,RE,BG,BG,HI,RE,RE,RE,RE,RE,RE,RE,RE,HI,HI,HI,HI,RE
09/02/21,RE,RE,RE,HI,RE,RE,RE,BG,BG,BG,RE,HI,HI,HI,RE,HI,RE,RE,HI,RE,BG,HI,HI,RE
10/02/21,RE,RE,RE,RE,RE,RE,RE,RE,BG,HI,RE,HI,HI,BG,RE,RE,BG,BG,HI,NaN,HI,RE,HI,RE
11/02/21,RE,RE,RE,RE,RE,HI,HI,BG,BG,HI,BG,BG,NaN,NaN,TCC,HI,HI,HI,TCC,RE,RE,BG,BG,HI
12/02/21,RE,HI,RE,NaN,NaN,RE,HI,HI,NaN,HI,BG,HI,HI,RE,NaN,RE,RE,RE,HI,TCC,BG,TCC,BG,HI
13/02/21,HI,HI,RE,RE,TCC,RE,RE,HI,RE,HI,HI,HI,HI,HI,HI,RE,HI,BG,HI,RE,HI,RE,BG,HI
14/02/21,HI,HI,HI,RE,RE,HI,HI,HI,RE,HI,HI,RE,RE,RE,RE,RE,RE,RE,TCC,HI,HI,RE,RE,RE
15/02/21,RE,NaN,RE,RE,HI,RE,RE,HI,RE,RE,HI,HI,HI,HI,RE,RE,RE,RE,HI,BG,BG,BG,HI,NaN
16/02/21,RE,RE,RE,NaN,HI,RE,HI,TCC,HI,HI,RE,TCC,HI,HI,RE,HI,NaN,NaN,HI,HI,HI,HI,HI,BG
17/02/21,RE,HI,HI,HI,RE,HI,RE,HI,HI,HI,RE,BG,HI,HI,RE,RE,RE,HI,HI,BG,HI,HI,HI,HI
18/02/21,RE,RE,RE,HI,RE,RE,RE,RE,HI,BG,BG,BG,BG,BG,BG,BG,BG,BG,HI,HI,NaN,HI,BG,BG
19/02/21,RE,RE,RE,RE,RE,RE,TER,RE,HI,BG,NaN,RE,RE,RE,HI,RE,RE,RE,TER,BG,BG,HI,HI,HI
20/02/21,RE,NaN,HI,HI,HI,RE,RE,HI,RE,RE,RE,HI,RE,RE,RE,RE,RE,NaN,RE,HI,RE,RE,HI,HI
21/02/21,RE,RE,RE,RE,RE,RE,RE,RE,RE,RE,RE,RE,RE,HI,HI,RE,RE,RE,HI,RE,BG,BG,BG,HI
22/02/21,BG,TER,RE,TER,TER,HI,HI,BG,NaN,BG,BG,BG,BG,BG,HI,HI,BG,RE,HI,HI,HI,HI,BG,TCC
23/02/21,HI,RE,RE,HI,HI,RE,HI,MIP,HI,HI,BG,HI,HI,RE,RE,HI,RE,NaN,BG,HI,BG,RE,NaN,HI
24/02/21,NaN,HI,RE,RE,RE,RE,HI,RE,BG,HI,HI,TCC,HI,RE,RE,RE,RE,TCC,BG,BG,RE,NaN,TCC,HI
25/02/21,HI,HI,HI,HI,HI,HI,HI,HI,HI,NaN,HI,BG,BG,BG,BG,BG,BG,RE,BG,HI,RE,HI,RE,BG
26/02/21,HI,HI,RE,RE,RE,RE,BG,RE,HI,HI,HI,HI,NaN,HI,RE,BG,TCC,BG,HI,HI,BG,BG,HI,RE
27/02/21,NaN,HI,HI,HI,HI,HI,BG,HI,HI,HI,HI,HI,HI,HI,HI,HI,TER,HI,HI,RE,HI,NaN,HI,HI
28/02/21,HI,HI,HI,HI,HI,HI,RE,RE,HI,HI,HI,RE,RE,RE,RE,HI,HI,RE,RE,HI,BG,BG,HI,RE
01/03/21,HI,HI,RE,RE,RE,RE,HI,HI,HI,HI,HI,TCC,RE,BG,BG,BG,BG,BG,HI,HI,HI,HI,HI,RE
02/03/21,TCC,HI,HI,HI,HI,HI,HI,RE,HI,HI,BG,TCC,HI,HI,HI,HI,HI,HI,HI,HI,HI,BG,HI,BG
03/03/21,TCC,RE,RE,RE,RE,HI,BG,HI,HI,HI,HI,TCC,HI,HI,TCC,TCC,TCC,BG,BG,RE,BG,BG,HI,HI
04/03/21,HI,RE,RE,HI,HI,HI,HI,BG,BG,MIP,HI,HI,TCC,HI,HI,HI,NaN,BG,BG,HI,HI,HI,RE,HI
05/03/21,HI,HI,HI,RE,HI,HI,HI,MIP,BG,BG,TCC,HI,HI,HI,HI,RE,HI,HI,HI,BG,BG,HI,HI,HI
06/03/21,HI,HI,RE,RE,HI,RE,RE,HI,HI,HI,NaN,HI,HI,RE,HI,HI,HI,HI,RE,BG,RE,HI,HI,TCC
07/03/21,HI,TCC,TCC,TCC,HI,TCC,HI,NaN,TCC,RE,NaN,NaN,TCC,HI,TCC,NaN,HI,HI,RE,BG,HI,HI,NaN,RE
08/03/21,TCC,HI,HI,HI,HI,HI,HI,HI,HI,HI,BG,BG,RE,RE,RE,TCC,HI,HI,BG,BG,BG,HI,HI,HI
09/03/21,HI,RE,RE,HI,RE,HI,TCC,HI,HI,HI,BG,RE,RE,HI,TCC,HI,NaN,HI,HI,BG,RE,RE,RE,RE
10/03/21,TCC,HI,HI,HI,RE,HI,HI,BG,HI,HI,HI,NaN,TCC,HI,HI,RE,HI,RE,HI,HI,BG,HI,HI,HI
11/03/21,HI,HI,RE,HI,RE,RE,RE,HI,HI,HI,HI,RE,HI,RE,RE,RE,RE,RE,BG,HI,BG,NaN,HI,RE
12/03/21,NaN,RE,RE,RE,RE,RE,HI,HI,HI,HI,TCC,HI,RE,RE,RE,RE,RE,HI,HI,NaN,HI,NaN,HI,BG
13/03/21,HI,HI,RE,HI,HI,HI,HI,HI,HI,HI,HI,RE,RE,RE,HI,RE,RE,RE,HI,HI,HI,HI,HI,HI
14/03/21,RE,RE,RE,RE,HI,RE,RE,RE,RE,RE,RE,RE,RE,HI,RE,NaN,RE,RE,BG,HI,BG,HI,HI,HI
15/03/21,HI,HI,RE,HI,RE,HI,HI,HI,HI,BG,HI,HI,BG,HI,RE,HI,HI,HI,HI,HI,HI,BG,HI,RE
16/03/21,HI,RE,RE,HI,RE,HI,RE,HI,HI,HI,RE,HI,HI,HI,RE,RE,HI,HI,RE,RE,HI,HI,HI,RE
17/03/21,HI,HI,RE,RE,RE,RE,RE,HI,HI,HI,HI,RE,RE,RE,HI,RE,RE,RE,RE,HI,HI,HI,RE,RE
18/03/21,NaN,NaN,NaN,NaN,NaN,RE,RE,HI,HI,HI,RE,HI,HI,HI,HI,RE,RE,NaN,BG,HI,HI,HI,HI,HI
19/03/21,BG,HI,HI,HI,HI,HI,HI,HI,NaN,BG,BG,HI,HI,HI,TER,TER,HI,TER,HI,RE,HI,HI,HI,NaN
20/03/21,HI,RE,HI,RE,RE,RE,RE,RE,RE,RE,HI,RE,RE,RE,HI,RE,RE,RE,HI,HI,HI,HI,HI,HI
21/03/21,HI,RE,HI,HI,HI,HI,RE,RE,BG,RE,RE,RE,RE,RE,RE,RE,RE,RE,HI,HI,HI,BG,HI,BG
22/03/21,HI,HI,HI,HI,HI,HI,RE,RE,BG,HI,HI,HI,HI,HI,HI,NaN,HI,HI,HI,HI,HI,HI,HI,TCC
23/03/21,HI,HI,RE,HI,HI,HI,HI,HI,HI,BG,HI,HI,TCC,HI,HI,HI,HI,HI,BG,RE,HI,BG,BG,HI
24/03/21,HI,HI,HI,BG,HI,HI,HI,HI,TCC,HI,NaN,NaN,HI,BG,NaN,HI,HI,HI,HI,NaN,TCC,HI,HI,HI
25/03/21,HI,HI,HI,HI,HI,HI,RE,HI,HI,HI,HI,TCC,HI,HI,HI,HI,HI,HI,HI,BG,HI,BG,HI,HI
26/03/21,HI,HI,HI,HI,RE,RE,HI,HI,HI,HI,HI,HI,HI,HI,HI,HI,HI,BG,HI,HI,HI,HI,HI,HI
27/03/21,RE,RE,HI,RE,RE,RE,RE,RE,HI,RE,RE,RE,HI,RE,RE,RE,RE,RE,BG,HI,HI,HI,HI,RE
28/03/21,HI,HI,HI,HI,HI,HI,RE,RE,HI,RE,RE,RE,RE,RE,RE,RE,HI,HI,HI,BG,HI,HI,HI,NaN
29/03/21,HI,HI,RE,HI,HI,HI,HI,NaN,HI,HI,NaN,HI,HI,HI,RE,RE,RE,RE,TCC,BG,BG,HI,HI,BG
30/03/21,RE,HI,HI,HI,HI,HI,HI,RE,RE,HI,BG,HI,BG,RE,RE,RE,RE,BG,BG,HI,HI,HI,HI,HI
31/03/21,HI,HI,RE,HI,HI,HI,NaN,HI,RE,HI,HI,HI,HI,BG,RE,RE,RE,HI,HI,BG,HI,HI,HI,HI
01/04/21,HI,RE,RE,HI,RE,HI,RE,HI,BG,HI,NaN,HI,RE,RE,HI,RE,RE,TCC,HI,HI,HI,HI,BG,HI
02/04/21,BG,HI,HI,HI,HI,HI,HI,BG,HI,BG,HI,HI,TCC,TCC,HI,RE,RE,RE,RE,RE,HI,NaN,HI,HI
03/04/21,HI,RE,RE,HI,RE,RE,HI,RE,HI,HI,HI,HI,RE,RE,RE,RE,RE,RE,RE,RE,HI,HI,RE,HI
04/04/21,HI,RE,RE,RE,RE,RE,HI,RE,NaN,NaN,RE,RE,RE,RE,RE,RE,NaN,RE,RE,RE,HI,RE,HI,HI
05/04/21,HI,RE,RE,RE,RE,HI,RE,RE,HI,NaN,BG,HI,HI,HI,TCC,RE,RE,RE,RE,HI,HI,BG,HI,HI
06/04/21,NaN,HI,RE,RE,RE,RE,HI,BG,HI,HI,HI,BG,HI,HI,HI,HI,RE,RE,BG,HI,BG,HI,HI,BG
07/04/21,HI,BG,HI,HI,HI,HI,HI,TCC,HI,BG,TCC,BG,HI,HI,TCC,HI,NaN,HI,HI,HI,HI,HI,NaN,HI
08/04/21,HI,RE,NaN,HI,TCC,HI,HI,HI,BG,BG,HI,RE,NaN,BG,HI,HI,HI,HI,HI,HI,HI,RE,HI,HI
09/04/21,HI,HI,HI,HI,HI,HI,HI,HI,TCC,BG,HI,HI,HI,TCC,HI,HI,HI,RE,HI,HI,BG,HI,HI,HI
10/04/21,HI,HI,TCC,HI,HI,HI,HI,HI,HI,HI,HI,HI,HI,BG,HI,HI,TCC,HI,HI,HI,HI,HI,HI,TCC
11/04/21,HI,HI,HI,HI,HI,HI,HI,RE,HI,HI,RE,HI,HI,RE,RE,RE,HI,RE,RE,BG,HI,HI,HI,HI
12/04/21,HI,HI,RE,RE,RE,HI,HI,HI,HI,HI,HI,HI,TER,TER,HI,HI,HI,HI,BG,HI,HI,NaN,HI,TCC
13/04/21,HI,HI,HI,RE,HI,HI,HI,HI,BG,HI,HI,HI,RE,HI,HI,HI,HI,HI,HI,HI,HI,HI,HI,HI
14/04/21,RE,NaN,HI,RE,HI,HI,HI,TCC,BG,BG,NaN,TCC,HI,HI,HI,TCC,TCC,HI,NaN,TCC,HI,HI,HI,NaN
15/04/21,HI,HI,HI,HI,HI,HI,HI,HI,RE,HI,HI,HI,HI,TER,TCC,HI,HI,HI,TCC,HI,HI,RE,HI,TCC
16/04/21,HI,RE,HI,HI,HI,HI,NaN,HI,HI,HI,HI,HI,NaN,HI,HI,HI,HI,TCC,HI,HI,HI,RE,HI,HI
17/04/21,HI,HI,HI,HI,HI,HI,HI,HI,HI,HI,HI,HI,HI,HI,HI,HI,HI,HI,HI,RE,HI,HI,HI,HI
18/04/21,HI,HI,HI,HI,HI,HI,HI,HI,HI,HI,HI,HI,HI,HI,HI,RE,RE,HI,HI,HI,HI,HI,BG,HI
19/04/21,HI,HI,HI,HI,HI,TCC,HI,HI,HI,HI,HI,HI,HI,NaN,HI,HI,HI,TCC,TCC,HI,HI,BG,HI,HI
20/04/21,TCC,NaN,TCC,NaN,NaN,RE,NaN,RE,BG,NaN,HI,HI,TCC,HI,TCC,HI,TCC,TER,HI,HI,HI,BG,HI,NaN
21/04/21,HI,HI,HI,HI,HI,TCC,HI,HI,BG,NaN,HI,HI,TCC,NaN,TCC,HI,HI,TCC,NaN,HI,HI,HI,BG,TCC
22/04/21,TCC,TCC,TCC,TER,HI,HI,TCC,BG,BG,HI,HI,RE,HI,TCC,HI,HI,TCC,HI,TER,TCC,TCC,BG,HI,HI
23/04/21,HI,HI,HI,HI,TCC,HI,RE,HI,NaN,HI,HI,HI,NaN,HI,RE,HI,TCC,HI,TCC,HI,HI,HI,TCC,HI
24/04/21,HI,HI,HI,HI,HI,HI,HI,HI,HI,HI,RE,HI,HI,HI,RE,RE,RE,RE,HI,HI,RE,BG,HI,HI
25/04/21,HI,HI,HI,HI,HI,HI,HI,HI,HI,HI,HI,HI,RE,RE,HI,RE,RE,RE,HI,HI,BG,HI,HI,HI
26/04/21,NaN,HI,HI,RE,NaN,RE,HI,HI,HI,HI,NaN,BG,HI,HI,TCC,HI,HI,HI,TER,TCC,HI,HI,BG,BG
27/04/21,HI,HI,HI,HI,TCC,BG,HI,HI,HI,HI,BG,HI,HI,HI,HI,HI,HI,HI,HI,HI,BG,BG,NaN,HI
28/04/21,HI,TCC,HI,TCC,NaN,HI,TCC,RE,HI,BG,HI,TCC,HI,RE,HI,HI,TCC,TCC,TCC,TCC,BG,HI,HI,TCC
29/04/21,HI,HI,HI,HI,TCC,HI,TCC,HI,HI,BG,HI,HI,HI,HI,TCC,HI,TCC,HI,RE,RE,HI,RE,BG,HI
30/04/21,NaN,HI,BG,BG,HI,BG,HI,HI,RE,HI,BG,TCC,HI,HI,RE,TCC,HI,HI,RE,HI,BG,HI,TCC,RE
01/05/21,RE,HI,HI,HI,HI,HI,HI,HI,HI,HI,HI,HI,HI,HI,HI,RE,RE,RE,RE,HI,HI,BG,BG,HI
02/05/21,HI,HI,HI,HI,HI,HI,HI,HI,HI,HI,HI,HI,HI,HI,HI,HI,RE,RE,RE,HI,NaN,HI,NaN,HI
03/05/21,HI,RE,RE,RE,HI,HI,TCC,HI,BG,HI,TCC,HI,HI,HI,HI,HI,HI,TCC,HI,BG,BG,BG,BG,HI
04/05/21,NaN,HI,HI,HI,BG,HI,NaN,HI,HI,BG,HI,BG,BG,BG,HI,TCC,TCC,HI,HI,TCC,HI,BG,NaN,BG
05/05/21,NaN,HI,HI,RE,HI,HI,HI,HI,NaN,HI,HI,HI,HI,HI,HI,HI,HI,RE,HI,NaN,BG,RE,BG,RE
06/05/21,RE,HI,TCC,HI,HI,HI,RE,HI,BG,HI,NaN,HI,HI,RE,NaN,HI,HI,HI,HI,RE,HI,HI,BG,HI
07/05/21,NaN,HI,HI,HI,RE,HI,NaN,BG,RE,BG,BG,HI,NaN,HI,HI,RE,HI,HI,HI,BG,HI,HI,HI,HI
08/05/21,HI,HI,HI,HI,HI,HI,HI,HI,RE,HI,RE,RE,HI,RE,RE,RE,RE,RE,RE,RE,HI,HI,HI,RE
09/05/21,RE,RE,RE,RE,RE,RE,RE,RE,RE,RE,RE,RE,RE,RE,RE,RE,RE,RE,RE,RE,BG,BG,RE,RE
10/05/21,HI,RE,HI,HI,HI,TCC,HI,HI,HI,HI,HI,HI,HI,HI,RE,HI,RE,RE,BG,NaN,HI,HI,BG,BG
11/05/21,HI,BG,HI,HI,RE,RE,HI,HI,BG,RE,TCC,TCC,TCC,RE,HI,RE,NaN,HI,TCC,RE,HI,HI,HI,HI
12/05/21,HI,RE,HI,RE,RE,RE,HI,RE,RE,BG,RE,TCC,NaN,NaN,RE,RE,RE,RE,NaN,HI,HI,HI,RE,BG
13/05/21,HI,RE,HI,HI,RE,HI,BG,RE,HI,RE,HI,TCC,TCC,RE,HI,HI,HI,HI,HI,HI,RE,HI,HI,BG
14/05/21,HI,NaN,HI,HI,HI,NaN,BG,RE,TCC,HI,NaN,HI,HI,RE,RE,HI,HI,BG,HI,HI,HI,HI,HI,HI
15/05/21,BG,HI,RE,RE,HI,RE,RE,HI,RE,RE,HI,RE,RE,RE,RE,RE,RE,RE,RE,RE,HI,BG,BG,NaN
16/05/21,BG,RE,BG,RE,RE,RE,RE,HI,RE,RE,RE,RE,RE,RE,RE,RE,RE,RE,RE,BG,HI,HI,HI,HI
17/05/21,RE,RE,RE,HI,NaN,HI,BG,BG,HI,HI,BG,BG,RE,HI,NaN,HI,HI,BG,TCC,HI,HI,RE,HI,HI
18/05/21,HI,BG,HI,HI,HI,HI,HI,HI,RE,HI,BG,RE,HI,HI,HI,TCC,TCC,HI,HI,HI,HI,RE,HI,RE
19/05/21,RE,HI,TCC,HI,RE,RE,NaN,HI,HI,HI,HI,HI,NaN,RE,HI,RE,HI,RE,HI,HI,HI,RE,RE,RE
20/05/21,HI,TCC,RE,TCC,NaN,RE,HI,HI,HI,HI,TCC,TCC,TCC,TCC,RE,HI,RE,HI,HI,RE,BG,NaN,BG,HI
21/05/21,HI,HI,HI,HI,HI,HI,BG,HI,NaN,HI,TCC,TCC,HI,HI,HI,RE,RE,RE,RE,TCC,HI,NaN,TCC,RE
22/05/21,HI,HI,HI,HI,HI,HI,RE,HI,BG,HI,HI,BG,HI,RE,HI,RE,RE,RE,RE,RE,HI,HI,HI,HI
23/05/21,NaN,RE,NaN,NaN,HI,HI,HI,HI,HI,NaN,HI,BG,BG,BG,HI,RE,HI,HI,HI,HI,RE,BG,BG,HI
24/05/21,HI,RE,RE,RE,RE,RE,HI,BG,TCC,BG,RE,HI,HI,HI,RE,RE,RE,RE,HI,HI,TCC,HI,HI,HI
25/05/21,NaN,TCC,RE,TCC,TCC,TCC,HI,BG,HI,NaN,HI,BG,TCC,HI,HI,RE,RE,HI,HI,TCC,HI,HI,HI,TCC
26/05/21,HI,NaN,NaN,HI,HI,HI,HI,TCC,BG,HI,HI,NaN,HI,NaN,HI,HI,TCC,NaN,HI,TCC,HI,RE,HI,TCC
27/05/21,RE,HI,HI,HI,HI,HI,HI,HI,BG,BG,HI,HI,RE,TCC,HI,HI,HI,RE,HI,HI,HI,BG,HI,HI
28/05/21,HI,HI,HI,HI,HI,HI,HI,HI,HI,HI,HI,HI,HI,HI,TCC,TCC,TCC,TCC,RE,HI,BG,HI,HI,HI
29/05/21,HI,NaN,HI,HI,HI,HI,HI,HI,HI,TCC,HI,TCC,HI,HI,HI,HI,HI,HI,HI,HI,HI,HI,TCC,HI
30/05/21,HI,HI,HI,HI,RE,HI,HI,HI,RE,HI,HI,HI,HI,HI,HI,HI,HI,HI,HI,HI,HI,HI,HI,HI
31/05/21,HI,HI,NaN,HI,RE,RE,HI,RE,NaN,HI,HI,HI,HI,HI,HI,TCC,TCC,TCC,HI,TCC,HI,HI,HI,HI
01/06/21,NaN,HI,HI,HI,HI,NaN,BG,HI,TCC,HI,RE,RE,RE,TCC,NaN,HI,RE,HI,HI,HI,RE,BG,HI,BG
02/06/21,TCC,RE,HI,HI,HI,HI,HI,HI,HI,TCC,HI,HI,TCC,TCC,NaN,HI,HI,HI,HI,TCC,HI,HI,HI,TCC
03/06/21,HI,TCC,TCC,TCC,TCC,HI,RE,HI,NaN,HI,TCC,NaN,NaN,TCC,HI,HI,TCC,HI,BG,TCC,HI,HI,HI,HI
04/06/21,RE,TCC,RE,NaN,TCC,TCC,TCC,HI,HI,HI,TCC,TCC,TCC,TCC,TCC,TCC,RE,TCC,TCC,HI,HI,TCC,TCC,RE
05/06/21,TCC,RE,HI,HI,HI,HI,HI,HI,TCC,RE,TCC,TCC,HI,TCC,HI,TCC,TCC,TCC,TCC,TCC,HI,HI,HI,NaN
06/06/21,HI,TCC,HI,HI,HI,HI,HI,HI,HI,HI,RE,RE,RE,HI,RE,HI,HI,HI,HI,HI,HI,HI,HI,HI
07/06/21,TCC,HI,HI,HI,HI,TCC,HI,HI,HI,HI,HI,NaN,NaN,TCC,TCC,TCC,TCC,HI,TCC,HI,HI,TCC,HI,HI
08/06/21,NaN,TCC,HI,TCC,HI,HI,HI,HI,BG,HI,TCC,HI,TCC,NaN,TCC,TCC,TCC,TCC,HI,HI,TCC,TCC,HI,TCC
09/06/21,HI,RE,HI,HI,TCC,TCC,TCC,HI,HI,TCC,TCC,TCC,TCC,TCC,TCC,NaN,TCC,HI,HI,HI,HI,HI,HI,RE
10/06/21,HI,NaN,HI,HI,HI,HI,HI,HI,BG,RE,TCC,NaN,HI,HI,TCC,RE,HI,RE,HI,HI,HI,HI,HI,TCC
11/06/21,TCC,NaN,RE,HI,HI,HI,HI,NaN,HI,TCC,HI,HI,TCC,HI,HI,HI,NaN,NaN,HI,HI,HI,HI,HI,TCC
12/06/21,HI,HI,HI,HI,HI,HI,HI,HI,HI,HI,HI,RE,RE,RE,HI,HI,HI,HI,HI,HI,HI,TCC,HI,HI
13/06/21,TCC,NaN,HI,NaN,TCC,TCC,TCC,TCC,TCC,HI,RE,HI,RE,RE,HI,HI,HI,HI,HI,HI,HI,HI,NaN,HI
14/06/21,HI,TCC,HI,RE,HI,HI,HI,HI,HI,BG,HI,HI,HI,HI,HI,TCC,TCC,TCC,HI,BG,HI,NaN,HI,HI
15/06/21,NaN,RE,TCC,HI,HI,TCC,NaN,HI,HI,HI,BG,HI,HI,HI,HI,HI,HI,HI,TCC,HI,RE,HI,TCC,HI
16/06/21,NaN,RE,HI,HI,HI,HI,RE,NaN,HI,TCC,HI,HI,HI,HI,HI,TCC,HI,HI,TCC,HI,HI,HI,HI,TCC
17/06/21,HI,HI,HI,HI,HI,HI,HI,RE,HI,HI,HI,HI,HI,HI,TCC,HI,HI,TCC,HI,HI,HI,RE,HI,HI
18/06/21,HI,RE,TCC,NaN,TCC,HI,TCC,TCC,RE,HI,TCC,RE,TCC,HI,HI,HI,TCC,TCC,HI,RE,HI,HI,HI,HI
19/06/21,HI,HI,TCC,NaN,NaN,TCC,HI,HI,TCC,TCC,NaN,HI,HI,TCC,TCC,TCC,TCC,TCC,HI,TCC,TCC,NaN,HI,TCC
20/06/21,HI,HI,HI,RE,HI,HI,RE,RE,RE,RE,RE,RE,HI,RE,RE,RE,RE,RE,RE,HI,RE,HI,TCC,HI
21/06/21,HI,HI,HI,HI,HI,HI,NaN,HI,HI,RE,HI,RE,HI,HI,HI,NaN,NaN,RE,HI,TCC,HI,TCC,BG,HI
22/06/21,HI,HI,HI,HI,TCC,HI,HI,TCC,HI,HI,TCC,TCC,TCC,TCC,HI,HI,RE,TCC,HI,HI,TCC,HI,TCC,RE
23/06/21,HI,HI,HI,HI,RE,HI,TCC,HI,NaN,HI,NaN,HI,HI,TCC,TCC,HI,HI,TCC,BG,HI,HI,HI,NaN,RE
24/06/21,NaN,RE,HI,TCC,HI,HI,RE,TCC,HI,HI,HI,HI,HI,HI,HI,HI,TCC,HI,TCC,NaN,HI,TCC,HI,HI
25/06/21,HI,HI,HI,RE,RE,HI,HI,BG,HI,NaN,HI,TCC,HI,HI,HI,HI,HI,RE,HI,HI,NaN,NaN,HI,HI
26/06/21,RE,BG,HI,HI,BG,HI,HI,HI,HI,HI,HI,HI,RE,HI,HI,RE,HI,HI,HI,HI,HI,BG,HI,HI
27/06/21,HI,HI,RE,HI,HI,HI,NaN,RE,RE,HI,HI,HI,RE,RE,RE,RE,RE,RE,RE,RE,RE,BG,HI,HI
28/06/21,HI,HI,RE,HI,RE,RE,HI,HI,HI,HI,HI,HI,HI,HI,HI,HI,RE,HI,NaN,NaN,HI,HI,TCC,HI
29/06/21,HI,HI,HI,HI,HI,RE,TCC,HI,HI,RE,BG,TCC,NaN,HI,HI,TCC,HI,TCC,HI,HI,TCC,HI,HI,HI
30/06/21,HI,TCC,HI,HI,HI,NaN,HI,TCC,BG,TCC,TCC,HI,TCC,HI,TCC,HI,HI,TCC,HI,TCC,TCC,HI,HI,HI
01/07/21,BG,TCC,HI,TCC,TCC,TCC,TCC,HI,HI,BG,HI,TCC,TCC,HI,TCC,TCC,TCC,HI,TCC,HI,HI,HI,BG,TCC
02/07/21,BG,HI,HI,HI,HI,HI,NaN,HI,HI,BG,HI,HI,HI,TCC,HI,TCC,TCC,HI,HI,HI,BG,HI,BG,HI
03/07/21,HI,NaN,HI,HI,HI,NaN,NaN,RE,HI,BG,HI,HI,HI,HI,HI,HI,HI,RE,HI,BG,HI,HI,HI,NaN
04/07/21,HI,HI,HI,RE,TCC,TCC,HI,RE,HI,RE,HI,RE,RE,HI,HI,HI,RE,HI,TCC,HI,HI,HI,HI,HI
05/07/21,NaN,HI,TCC,HI,HI,RE,TCC,HI,HI,HI,HI,BG,HI,HI,HI,RE,TCC,HI,HI,HI,HI,HI,TCC,HI
06/07/21,RE,HI,HI,HI,HI,HI,RE,HI,BG,TCC,NaN,HI,RE,RE,HI,RE,HI,HI,HI,TCC,HI,TCC,TCC,BG
07/07/21,TCC,HI,HI,HI,HI,HI,NaN,TCC,TCC,HI,RE,HI,TCC,HI,NaN,HI,NaN,TCC,TCC,HI,HI,BG,HI,HI
08/07/21,NaN,HI,HI,RE,TCC,TCC,HI,HI,RE,HI,HI,HI,HI,TER,RE,HI,TCC,HI,HI,TCC,TCC,HI,TCC,HI
09/07/21,TCC,HI,TCC,HI,HI,HI,HI,HI,BG,HI,HI,TCC,HI,HI,TCC,HI,RE,HI,HI,TCC,HI,HI,TCC,HI
10/07/21,RE,TCC,TCC,TCC,TCC,TCC,TCC,TCC,HI,HI,TCC,RE,RE,HI,HI,HI,TCC,HI,TCC,HI,NaN,HI,HI,BG
11/07/21,HI,HI,HI,HI,HI,HI,HI,RE,RE,HI,HI,HI,HI,HI,HI,HI,TCC,HI,HI,RE,TCC,BG,HI,TCC
12/07/21,HI,HI,RE,TCC,TCC,HI,RE,TCC,BG,TCC,HI,HI,HI,RE,TCC,HI,TCC,TCC,TCC,TCC,RE,TCC,HI,HI
13/07/21,HI,RE,HI,HI,RE,HI,TCC,HI,BG,TCC,HI,TER,NaN,TCC,HI,HI,HI,HI,HI,TCC,NaN,HI,TER,HI
14/07/21,HI,HI,HI,HI,RE,RE,HI,HI,HI,HI,RE,NaN,TCC,HI,HI,RE,HI,RE,HI,TCC,BG,BG,RE,HI
15/07/21,HI,HI,TCC,TCC,RE,TCC,HI,TCC,HI,RE,RE,HI,TCC,HI,HI,HI,HI,HI,NaN,HI,HI,BG,HI,RE
16/07/21,HI,RE,HI,HI,HI,RE,NaN,HI,HI,HI,HI,HI,RE,RE,NaN,RE,RE,RE,NaN,HI,HI,TCC,HI,HI
17/07/21,RE,RE,HI,HI,HI,HI,RE,RE,HI,HI,HI,HI,HI,HI,HI,HI,HI,RE,RE,NaN,HI,HI,HI,HI
18/07/21,HI,HI,RE,HI,HI,HI,HI,HI,TCC,TCC,RE,TCC,HI,HI,RE,RE,RE,TCC,HI,RE,RE,HI,HI,NaN
19/07/21,TCC,TCC,HI,RE,HI,TCC,HI,TCC,RE,TCC,HI,HI,HI,HI,NaN,HI,HI,RE,NaN,BG,BG,BG,TCC,TCC
20/07/21,HI,HI,RE,RE,HI,HI,HI,BG,BG,HI,HI,HI,TCC,NaN,HI,NaN,HI,HI,HI,NaN,BG,BG,BG,NaN
21/07/21,BG,TCC,HI,RE,BG,HI,HI,HI,HI,TCC,HI,HI,NaN,HI,NaN,TCC,HI,TCC,HI,HI,TCC,NaN,HI,NaN
22/07/21,TCC,HI,HI,HI,HI,HI,TCC,HI,TCC,TCC,TCC,TCC,NaN,TCC,HI,BG,TER,HI,TCC,NaN,TCC,TCC,TCC,HI
23/07/21,HI,HI,HI,HI,TCC,TCC,HI,HI,HI,HI,HI,HI,HI,TCC,TCC,RE,RE,TCC,TCC,HI,NaN,HI,HI,HI
24/07/21,RE,HI,HI,TCC,RE,HI,HI,HI,RE,TCC,HI,HI,HI,HI,HI,TCC,TCC,RE,HI,HI,HI,HI,HI,BG
25/07/21,HI,HI,HI,HI,HI,HI,HI,TCC,TCC,HI,HI,HI,HI,HI,HI,HI,HI,RE,HI,RE,HI,HI,BG,BG
26/07/21,HI,NaN,HI,HI,RE,HI,TCC,RE,BG,TCC,TCC,HI,HI,HI,RE,RE,HI,HI,HI,TCC,BG,BG,BG,HI
27/07/21,HI,HI,HI,HI,TCC,TCC,TCC,HI,HI,HI,HI,TCC,HI,HI,NaN,TCC,TCC,TCC,TCC,HI,TCC,TCC,TCC,TCC
28/07/21,TCC,TCC,TCC,RE,TCC,TCC,RE,HI,HI,HI,HI,HI,HI,BG,HI,HI,HI,HI,HI,HI,HI,HI,RE,RE
29/07/21,HI,RE,TER,HI,NaN,NaN,HI,HI,TCC,TCC,TER,TER,HI,TER,RE,HI,TCC,HI,BG,BG,TCC,TCC,TCC,HI
30/07/21,BG,HI,BG,NaN,RE,RE,HI,BG,HI,NaN,HI,BG,BG,RE,BG,HI,RE,HI,HI,HI,HI,BG,HI,HI
31/07/21,HI,HI,HI,RE,RE,HI,HI,HI,HI,HI,RE,RE,RE,RE,RE,RE,RE,RE,RE,HI,HI,HI,HI,BG
01/08/21,HI,NaN,RE,HI,HI,HI,HI,HI,HI,RE,HI,HI,HI,RE,HI,HI,RE,HI,RE,HI,BG,HI,HI,HI
02/08/21,HI,NaN,HI,RE,HI,HI,HI,TCC,HI,TCC,HI,HI,TCC,TCC,HI,BG,HI,HI,HI,HI,BG,BG,HI,HI
03/08/21,HI,HI,TCC,TCC,NaN,BG,BG,HI,HI,HI,HI,HI,BG,HI,HI,HI,HI,HI,HI,BG,HI,BG,HI,RE
04/08/21,RE,HI,NaN,TCC,TCC,NaN,HI,BG,TCC,TCC,BG,RE,HI,HI,TCC,RE,RE,RE,HI,BG,HI,HI,HI,TCC
05/08/21,HI,HI,HI,TCC,HI,TCC,HI,HI,HI,TCC,HI,HI,NaN,RE,RE,RE,RE,RE,RE,RE,TCC,TCC,HI,TCC
06/08/21,HI,HI,HI,NaN,NaN,BG,HI,NaN,HI,NaN,BG,BG,HI,HI,HI,RE,HI,RE,RE,HI,BG,BG,BG,HI
07/08/21,HI,NaN,HI,HI,RE,RE,NaN,HI,HI,RE,HI,HI,RE,RE,RE,RE,RE,RE,RE,HI,RE,HI,BG,HI
08/08/21,HI,RE,HI,HI,HI,HI,HI,HI,HI,RE,RE,RE,RE,RE,RE,RE,RE,RE,RE,RE,HI,HI,HI,HI
09/08/21,HI,HI,HI,NaN,HI,HI,BG,HI,HI,HI,HI,HI,HI,HI,BG,HI,HI,HI,TCC,BG,HI,BG,BG,NaN
10/08/21,HI,HI,RE,RE,HI,HI,TCC,HI,BG,HI,HI,HI,HI,HI,TCC,TCC,RE,TCC,TCC,HI,HI,HI,HI,HI
11/08/21,HI,RE,RE,HI,HI,TCC,BG,HI,BG,RE,HI,HI,HI,HI,RE,RE,RE,HI,BG,TCC,HI,HI,HI,HI
12/08/21,HI,HI,TCC,TCC,TCC,TCC,HI,RE,HI,RE,HI,HI,HI,HI,HI,TCC,TCC,TCC,HI,NaN,NaN,TCC,HI,HI
13/08/21,HI,HI,RE,RE,HI,TCC,HI,HI,HI,RE,TCC,TCC,HI,HI,HI,TCC,BG,TCC,TCC,HI,BG,BG,HI,HI
14/08/21,TCC,HI,RE,TCC,HI,HI,TCC,HI,HI,HI,HI,HI,BG,HI,RE,HI,HI,HI,TCC,HI,TCC,BG,BG,HI
15/08/21,HI,TCC,HI,TCC,HI,HI,HI,HI,HI,TER,BG,NaN,RE,NaN,RE,HI,HI,HI,HI,TCC,HI,HI,HI,TCC
16/08/21,RE,HI,HI,HI,HI,HI,RE,HI,HI,HI,HI,HI,HI,HI,RE,RE,RE,RE,RE,HI,HI,HI,NaN,HI
17/08/21,RE,RE,HI,HI,HI,HI,RE,RE,RE,RE,RE,RE,RE,HI,HI,HI,RE,RE,RE,RE,RE,HI,HI,HI
18/08/21,HI,HI,HI,HI,HI,HI,HI,RE,HI,RE,RE,HI,HI,HI,HI,HI,HI,HI,HI,RE,HI,HI,TCC,HI
19/08/21,HI,HI,HI,HI,HI,HI,NaN,HI,RE,NaN,TER,RE,HI,HI,NaN,HI,HI,HI,HI,TCC,TCC,BG,TCC,HI
20/08/21,TCC,TCC,HI,NaN,HI,NaN,TCC,HI,HI,TCC,HI,HI,HI,HI,HI,TCC,TCC,TCC,RE,HI,HI,RE,TCC,TCC
21/08/21,HI,TCC,TCC,TCC,HI,RE,HI,TCC,HI,TCC,TCC,TCC,NaN,RE,HI,HI,HI,HI,RE,TCC,HI,BG,HI,HI
22/08/21,TCC,HI,HI,TCC,HI,RE,TCC,TCC,HI,HI,HI,HI,HI,HI,TCC,TCC,TCC,TCC,TCC,HI,HI,HI,NaN,HI
23/08/21,HI,RE,RE,RE,RE,RE,RE,RE,TCC,TCC,NaN,HI,HI,HI,HI,HI,HI,HI,TCC,TCC,TCC,HI,TCC,HI
24/08/21,RE,RE,RE,RE,RE,RE,RE,HI,RE,RE,TCC,RE,HI,HI,TCC,TCC,HI,RE,RE,TCC,RE,HI,HI,TCC
25/08/21,TCC,RE,HI,TCC,TCC,TCC,TCC,TCC,TCC,HI,TCC,HI,TCC,HI,TCC,HI,TCC,TCC,TCC,TCC,HI,HI,HI,TCC
26/08/21,TCC,HI,HI,BG,HI,TCC,NaN,TCC,TCC,TCC,BG,HI,TCC,HI,HI,TCC,HI,TCC,HI,TCC,TCC,BG,HI,TCC
27/08/21,HI,TCC,TCC,HI,HI,HI,TCC,TCC,NaN,TCC,HI,HI,HI,HI,HI,TCC,TCC,TCC,RE,HI,TCC,HI,HI,TCC
28/08/21,HI,HI,HI,HI,HI,HI,HI,RE,HI,BG,TCC,RE,HI,RE,HI,HI,HI,HI,HI,RE,HI,NaN,HI,HI
29/08/21,RE,RE,RE,RE,RE,RE,RE,RE,TCC,HI,RE,RE,RE,RE,HI,RE,HI,RE,RE,BG,HI,TCC,TCC,HI
30/08/21,TCC,RE,TCC,TCC,RE,HI,NaN,HI,BG,TCC,TCC,TCC,TCC,TCC,BG,HI,HI,TCC,TCC,HI,HI,TCC,TCC,TCC
31/08/21,HI,NaN,HI,HI,HI,HI,TCC,TCC,HI,BG,HI,HI,HI,HI,HI,TCC,HI,HI,TCC,TCC,HI,TCC,TCC,HI
01/09/21,HI,TCC,TCC,TCC,TCC,TCC,HI,TCC,TCC,TCC,BG,HI,HI,HI,HI,HI,HI,HI,TCC,HI,TCC,HI,TCC,BG
02/09/21,BG,BG,TCC,HI,HI,HI,HI,TCC,NaN,TCC,TCC,HI,TCC,TCC,TCC,HI,HI,HI,TCC,HI,BG,HI,NaN,HI
03/09/21,HI,TCC,HI,HI,HI,RE,HI,TCC,HI,TCC,HI,HI,RE,HI,TCC,TER,TCC,TCC,RE,HI,HI,TCC,HI,HI
04/09/21,HI,HI,HI,HI,BG,BG,BG,HI,RE,HI,RE,TCC,RE,RE,HI,HI,HI,TCC,RE,BG,NaN,HI,NaN,HI
05/09/21,HI,BG,TCC,TCC,TCC,TCC,TCC,TCC,TCC,HI,TER,HI,TER,HI,HI,TCC,HI,HI,RE,HI,BG,HI,HI,TCC
06/09/21,NaN,HI,RE,HI,HI,HI,TCC,HI,NaN,TCC,TCC,TCC,TCC,RE,TCC,RE,TCC,TCC,HI,HI,BG,BG,HI,TCC
07/09/21,BG,RE,HI,TER,TER,HI,TER,TCC,HI,TCC,HI,HI,HI,TCC,RE,HI,HI,HI,TCC,TCC,HI,RE,HI,TCC
08/09/21,HI,RE,TCC,HI,TCC,TCC,TCC,HI,HI,TCC,TCC,TCC,TCC,TER,HI,TCC,RE,TCC,HI,HI,HI,HI,HI,TCC
09/09/21,HI,TCC,TCC,RE,HI,TER,TCC,HI,HI,TCC,TCC,RE,HI,TCC,RE,RE,TCC,TCC,HI,HI,BG,HI,BG,TCC
10/09/21,BG,BG,TCC,TCC,TCC,HI,TCC,HI,HI,HI,HI,BG,BG,BG,TCC,TCC,TCC,TCC,TCC,HI,HI,HI,NaN,HI
11/09/21,HI,HI,HI,HI,HI,HI,TCC,HI,HI,NaN,TCC,HI,HI,TCC,HI,TCC,TER,RE,HI,HI,TCC,BG,TCC,HI
12/09/21,HI,HI,HI,HI,HI,HI,HI,HI,HI,TCC,HI,TER,HI,HI,HI,HI,TCC,HI,HI,HI,HI,HI,HI,HI
13/09/21,TCC,TCC,TCC,TCC,HI,HI,BG,TCC,HI,BG,TCC,HI,HI,HI,TCC,HI,RE,HI,HI,HI,HI,HI,TCC,TCC
14/09/21,TCC,TCC,HI,HI,HI,TCC,RE,TCC,HI,TCC,TCC,HI,TCC,HI,TCC,TCC,NaN,TCC,HI,HI,HI,HI,HI,TCC
15/09/21,TCC,TCC,HI,NaN,NaN,HI,TCC,TCC,NaN,NaN,NaN,HI,NaN,HI,HI,HI,HI,HI,HI,NaN,RE,TCC,RE,TCC
16/09/21,HI,HI,NaN,NaN,NaN,NaN,HI,HI,TCC,HI,TCC,TCC,TCC,HI,TCC,HI,NaN,NaN,HI,HI,TCC,NaN,HI,HI
17/09/21,TCC,TCC,TCC,TCC,TCC,TCC,HI,TCC,HI,HI,TCC,TCC,RE,HI,HI,HI,HI,TCC,TCC,TCC,HI,TCC,TCC,RE
18/09/21,HI,HI,HI,RE,TCC,TCC,HI,HI,HI,HI,HI,RE,RE,HI,RE,TCC,TCC,TCC,TCC,HI,RE,HI,HI,HI
19/09/21,TCC,TCC,TCC,HI,TCC,TCC,RE,TCC,RE,HI,RE,HI,RE,HI,RE,RE,RE,RE,HI,TCC,HI,HI,TCC,HI
20/09/21,RE,HI,HI,RE,RE,RE,RE,HI,HI,TCC,HI,TCC,TCC,TCC,HI,HI,HI,HI,HI,HI,BG,NaN,TCC,RE
21/09/21,RE,RE,HI,HI,HI,RE,RE,HI,BG,HI,BG,HI,HI,RE,RE,RE,RE,HI,RE,HI,BG,HI,TCC,RE
22/09/21,RE,HI,RE,HI,RE,TCC,HI,NaN,BG,TCC,NaN,RE,HI,RE,HI,TCC,RE,HI,HI,NaN,HI,BG,TCC,HI
23/09/21,RE,RE,HI,HI,HI,HI,NaN,HI,HI,RE,HI,HI,TCC,TCC,HI,HI,HI,HI,HI,HI,HI,HI,HI,TCC
24/09/21,NaN,RE,HI,HI,TCC,NaN,HI,TCC,HI,HI,TCC,TCC,TCC,TCC,HI,HI,HI,HI,HI,HI,NaN,HI,RE,HI
25/09/21,HI,NaN,NaN,TCC,TCC,HI,TCC,RE,HI,RE,HI,HI,HI,RE,HI,HI,HI,HI,HI,BG,HI,HI,HI,HI
26/09/21,NaN,TCC,HI,HI,HI,HI,HI,HI,HI,HI,HI,RE,RE,RE,RE,RE,HI,RE,HI,BG,HI,HI,BG,BG
27/09/21,RE,TCC,TCC,TCC,TCC,TCC,HI,TCC,HI,HI,HI,HI,NaN,NaN,HI,HI,HI,NaN,NaN,HI,HI,HI,NaN,TCC
28/09/21,TCC,TCC,HI,HI,HI,HI,HI,HI,BG,HI,HI,TCC,HI,HI,RE,TCC,TER,NaN,HI,TCC,HI,TCC,HI,TCC
29/09/21,RE,RE,HI,HI,RE,HI,BG,HI,HI,HI,BG,HI,HI,HI,HI,RE,HI,HI,BG,HI,HI,NaN,HI,BG
30/09/21,RE,TER,TCC,TCC,TER,TER,RE,BG,HI,BG,HI,BG,HI,HI,HI,HI,HI,NaN,BG,HI,HI,HI,HI,BG
01/10/21,HI,BG,HI,HI,HI,HI,NaN,NaN,HI,HI,NaN,HI,RE,HI,HI,HI,HI,NaN,HI,BG,HI,HI,BG,NaN
02/10/21,HI,HI,HI,HI,HI,HI,HI,HI,BG,BG,HI,HI,RE,RE,RE,RE,RE,HI,RE,RE,BG,HI,RE,RE
03/10/21,RE,RE,HI,RE,RE,NaN,RE,RE,RE,RE,RE,RE,RE,RE,RE,HI,HI,HI,RE,BG,HI,HI,HI,RE
04/10/21,RE,RE,RE,RE,RE,TER,RE,HI,HI,HI,BG,NaN,RE,HI,RE,HI,HI,RE,HI,NaN,RE,NaN,HI,HI
05/10/21,BG,RE,TER,TER,TER,TER,BG,HI,HI,BG,RE,HI,BG,BG,RE,TER,RE,BG,HI,NaN,BG,HI,NaN,HI
06/10/21,HI,HI,HI,HI,HI,HI,HI,HI,BG,BG,HI,HI,HI,RE,HI,RE,HI,HI,HI,BG,HI,BG,HI,HI
07/10/21,HI,RE,HI,HI,HI,TCC,NaN,NaN,NaN,NaN,NaN,TER,RE,HI,HI,HI,RE,NaN,NaN,NaN,HI,NaN,NaN,TER
08/10/21,HI,TCC,HI,TCC,RE,TCC,HI,HI,BG,HI,BG,RE,HI,RE,TCC,TCC,HI,HI,NaN,TCC,TCC,BG,HI,HI
09/10/21,HI,NaN,HI,HI,RE,RE,HI,HI,HI,HI,BG,HI,HI,HI,HI,HI,RE,HI,RE,BG,HI,HI,HI,BG
10/10/21,RE,RE,NaN,RE,RE,RE,RE,NaN,BG,RE,RE,RE,HI,HI,RE,RE,RE,RE,HI,HI,BG,HI,HI,HI
11/10/21,RE,RE,RE,RE,RE,RE,HI,BG,BG,BG,HI,NaN,HI,BG,RE,RE,RE,HI,HI,HI,HI,HI,HI,HI
12/10/21,NaN,NaN,RE,RE,RE,RE,RE,HI,HI,HI,HI,RE,NaN,HI,RE,RE,RE,HI,HI,HI,HI,TCC,HI,HI
13/10/21,RE,RE,TER,TER,TER,RE,HI,HI,TCC,HI,TCC,RE,RE,RE,RE,RE,TCC,HI,TCC,NaN,BG,RE,TCC,TCC
14/10/21,HI,HI,TER,HI,HI,HI,NaN,BG,HI,BG,HI,HI,TCC,RE,RE,HI,HI,HI,HI,HI,RE,BG,TCC,HI
15/10/21,HI,NaN,TCC,HI,HI,TCC,HI,TCC,HI,NaN,BG,HI,TCC,HI,HI,HI,HI,TCC,BG,HI,HI,BG,BG,HI
16/10/21,HI,TCC,HI,RE,HI,HI,HI,HI,BG,HI,TCC,HI,TCC,TCC,TCC,TER,HI,TER,BG,HI,HI,HI,BG,TCC
17/10/21,RE,HI,HI,TCC,HI,RE,HI,HI,HI,HI,HI,HI,HI,HI,HI,TCC,TCC,TCC,RE,HI,RE,HI,NaN,HI
18/10/21,NaN,TCC,TCC,HI,TCC,TCC,TCC,HI,HI,BG,RE,TCC,HI,HI,HI,HI,TCC,BG,BG,HI,HI,HI,BG,TCC
19/10/21,HI,RE,RE,HI,TCC,TCC,HI,BG,HI,BG,HI,RE,HI,RE,RE,RE,HI,TCC,HI,BG,BG,BG,HI,HI
20/10/21,HI,RE,RE,RE,TCC,TCC,TCC,BG,BG,HI,HI,TCC,RE,RE,HI,TER,TER,HI,HI,HI,BG,NaN,HI,TCC
21/10/21,HI,HI,HI,HI,HI,HI,RE,HI,RE,HI,TCC,HI,RE,HI,HI,TCC,TCC,TCC,HI,HI,HI,HI,RE,HI
22/10/21,TCC,RE,HI,HI,HI,TCC,NaN,HI,BG,HI,BG,TCC,TCC,RE,RE,RE,HI,HI,HI,HI,HI,HI,HI,TCC
23/10/21,TCC,TCC,HI,RE,HI,RE,BG,TCC,HI,HI,HI,HI,RE,HI,RE,HI,TCC,TCC,HI,TCC,HI,HI,HI,BG
24/10/21,HI,HI,HI,TCC,TCC,HI,TCC,HI,HI,HI,HI,TCC,TCC,HI,RE,HI,HI,RE,HI,HI,BG,TCC,NaN,HI
25/10/21,TCC,HI,TCC,HI,HI,HI,HI,HI,HI,HI,HI,RE,NaN,TCC,RE,TCC,TCC,HI,HI,HI,HI,HI,TCC,RE
26/10/21,HI,HI,TCC,TCC,TCC,TCC,HI,HI,HI,HI,HI,HI,TCC,HI,TCC,TCC,HI,HI,HI,RE,HI,HI,BG,TCC
27/10/21,HI,HI,HI,NaN,NaN,NaN,TCC,BG,BG,HI,HI,RE,TCC,HI,RE,RE,RE,TCC,HI,BG,HI,HI,TCC,HI
28/10/21,HI,TCC,RE,HI,TCC,HI,TCC,HI,HI,HI,HI,HI,TCC,HI,RE,HI,RE,TCC,BG,RE,NaN,HI,HI,TCC
29/10/21,TER,RE,RE,TER,TER,TER,RE,TCC,BG,HI,BG,HI,TCC,RE,RE,TCC,RE,HI,BG,BG,BG,HI,RE,HI
30/10/21,NaN,RE,RE,HI,HI,HI,RE,RE,RE,BG,RE,TER,TER,BG,RE,RE,BG,RE,HI,HI,HI,HI,RE,RE
31/10/21,RE,RE,RE,RE,HI,HI,RE,RE,RE,RE,RE,HI,HI,HI,RE,RE,RE,HI,HI,RE,RE,HI,RE,RE
01/11/21,RE,RE,RE,RE,RE,RE,HI,RE,HI,RE,RE,RE,TCC,RE,TCC,TCC,RE,BG,HI,HI,BG,HI,HI,BG
02/11/21,RE,HI,RE,RE,RE,HI,RE,BG,BG,BG,TCC,RE,RE,RE,TCC,TCC,TCC,RE,HI,HI,HI,HI,HI,HI
03/11/21,TCC,TCC,HI,RE,RE,RE,TCC,BG,HI,HI,TCC,TCC,RE,TCC,RE,TCC,TCC,RE,HI,BG,RE,BG,HI,TCC
04/11/21,HI,RE,TER,RE,RE,RE,HI,BG,TER,HI,BG,HI,TCC,TCC,TCC,TCC,TCC,BG,HI,TER,BG,TCC,TCC,TCC
05/11/21,RE,RE,RE,HI,TER,RE,HI,HI,HI,BG,HI,RE,RE,TCC,RE,RE,HI,BG,NaN,BG,BG,HI,HI,HI
06/11/21,TER,HI,BG,RE,TER,RE,HI,TCC,RE,TCC,TER,HI,TCC,RE,RE,TCC,TER,HI,BG,BG,HI,HI,RE,BG
07/11/21,TER,RE,HI,RE,HI,RE,RE,RE,RE,HI,HI,RE,RE,RE,RE,RE,RE,HI,HI,BG,HI,HI,HI,HI
08/11/21,HI,HI,RE,TER,TER,RE,TCC,BG,HI,TCC,TCC,TER,RE,TER,TER,RE,RE,HI,HI,HI,BG,BG,HI,TCC
09/11/21,RE,TCC,RE,TCC,TCC,TCC,HI,NaN,TCC,HI,TCC,HI,RE,HI,RE,TCC,BG,BG,BG,RE,HI,HI,HI,TCC
10/11/21,RE,TCC,TCC,HI,TCC,HI,HI,BG,BG,RE,BG,HI,TCC,TCC,TCC,TCC,HI,NaN,HI,HI,HI,BG,HI,TCC
11/11/21,TCC,TCC,RE,RE,RE,TCC,TCC,BG,HI,TCC,HI,TCC,TCC,TCC,TCC,HI,RE,RE,TCC,BG,RE,NaN,NaN,HI
12/11/21,TCC,TCC,TCC,TCC,TCC,RE,TCC,HI,BG,HI,HI,TCC,TCC,TCC,TCC,TCC,TCC,NaN,HI,BG,HI,HI,TCC,RE
13/11/21,NaN,HI,TCC,HI,HI,HI,HI,TCC,TCC,TCC,TCC,TCC,TCC,TCC,TCC,TCC,TCC,HI,NaN,HI,HI,HI,TCC,TCC
14/11/21,HI,TCC,RE,HI,HI,TER,RE,RE,HI,TCC,HI,TCC,NaN,TCC,RE,HI,RE,RE,RE,HI,NaN,HI,HI,HI
15/11/21,RE,HI,HI,HI,RE,RE,HI,HI,BG,HI,TCC,NaN,TER,HI,HI,HI,TCC,NaN,RE,HI,NaN,HI,TCC,NaN
16/11/21,TCC,RE,HI,HI,HI,TCC,HI,TCC,HI,TCC,HI,NaN,TCC,HI,RE,NaN,HI,HI,BG,NaN,NaN,RE,TCC,TCC
17/11/21,HI,HI,HI,TCC,TCC,TCC,TCC,NaN,HI,HI,HI,RE,RE,RE,RE,RE,HI,HI,HI,HI,BG,NaN,HI,HI
18/11/21,HI,HI,TCC,RE,HI,NaN,HI,TCC,TCC,NaN,HI,HI,HI,RE,TCC,TCC,HI,NaN,HI,BG,MIP,NaN,TCC,HI
19/11/21,RE,HI,HI,RE,RE,HI,TCC,HI,HI,TCC,TCC,HI,TCC,TCC,TCC,TCC,HI,HI,HI,HI,HI,RE,TCC,TCC
20/11/21,RE,RE,RE,HI,RE,RE,TCC,TCC,TCC,HI,TCC,TCC,HI,TCC,RE,TCC,NaN,NaN,HI,HI,NaN,HI,HI,RE
21/11/21,HI,HI,HI,HI,TCC,TCC,RE,HI,TCC,HI,TCC,TCC,TCC,HI,HI,HI,RE,HI,RE,HI,HI,HI,HI,HI
22/11/21,HI,HI,TCC,TCC,TCC,TCC,HI,HI,BG,BG,HI,HI,TCC,HI,NaN,NaN,TCC,TCC,HI,HI,HI,TCC,HI,TCC
23/11/21,HI,TCC,TCC,RE,RE,RE,HI,TCC,RE,TCC,HI,HI,TCC,TCC,TCC,RE,NaN,TCC,HI,HI,HI,HI,TCC,RE
24/11/21,TCC,HI,HI,TCC,TCC,TCC,HI,BG,BG,BG,HI,HI,TCC,TCC,NaN,RE,TCC,TCC,HI,HI,HI,HI,TCC,HI
25/11/21,RE,HI,HI,RE,RE,TCC,HI,HI,HI,HI,HI,BG,TCC,RE,TCC,RE,HI,TCC,HI,RE,BG,HI,HI,TCC
26/11/21,BG,HI,TCC,RE,RE,HI,TCC,RE,HI,HI,TCC,NaN,HI,HI,HI,HI,HI,NaN,HI,HI,HI,BG,HI,RE
27/11/21,HI,HI,HI,HI,RE,RE,RE,HI,NaN,TCC,HI,HI,TER,TER,RE,TER,HI,HI,BG,NaN,TCC,HI,RE,RE
28/11/21,NaN,HI,RE,RE,RE,RE,RE,HI,TCC,HI,HI,HI,RE,HI,RE,TCC,HI,TCC,RE,RE,HI,HI,HI,HI
29/11/21,RE,HI,TER,TER,RE,RE,HI,TCC,HI,HI,TCC,HI,BG,HI,BG,TCC,TCC,TCC,HI,HI,BG,HI,BG,HI
30/11/21,NaN,RE,HI,HI,NaN,RE,HI,HI,NaN,BG,HI,HI,HI,HI,HI,HI,HI,NaN,HI,BG,HI,NaN,HI,TCC
01/12/21,NaN,TCC,TCC,TCC,TCC,TCC,NaN,HI,HI,NaN,HI,HI,HI,HI,HI,HI,HI,TCC,HI,HI,BG,HI,HI,TCC
02/12/21,TCC,TCC,HI,RE,TER,RE,HI,HI,HI,HI,TCC,HI,TCC,TCC,RE,TCC,HI,HI,HI,BG,BG,HI,HI,NaN
03/12/21,RE,TCC,HI,HI,RE,HI,TCC,NaN,HI,TCC,TCC,TCC,TCC,TCC,RE,HI,HI,HI,BG,BG,HI,HI,TCC,TCC
04/12/21,TCC,TCC,RE,NaN,NaN,NaN,TCC,HI,NaN,TCC,TCC,TCC,TCC,TCC,TCC,NaN,TCC,HI,HI,HI,HI,HI,TCC,RE
05/12/21,RE,TER,TCC,RE,RE,RE,RE,RE,TCC,TCC,TCC,RE,RE,RE,RE,RE,TCC,RE,TCC,HI,HI,HI,HI,TCC
06/12/21,RE,HI,HI,HI,RE,RE,HI,HI,TCC,TCC,TCC,TCC,TCC,TCC,RE,TCC,TCC,HI,BG,BG,HI,RE,HI,HI
07/12/21,TCC,RE,RE,RE,RE,RE,HI,TCC,HI,HI,HI,TCC,TCC,RE,HI,HI,HI,HI,TCC,TCC,HI,TCC,BG,RE
08/12/21,HI,RE,TER,RE,RE,RE,HI,HI,HI,RE,RE,NaN,RE,RE,RE,HI,HI,BG,HI,HI,TCC,HI,NaN,HI
09/12/21,HI,HI,RE,RE,RE,RE,RE,HI,BG,TCC,TCC,TCC,HI,HI,HI,HI,RE,TCC,BG,HI,BG,TCC,NaN,TCC
